id,title,article,image,manufacturer,gsm,width,remaining,updated_at,created_at
5,CH Dryfit,Football staff,,Ķinas tautas republika,0,1550,1,2025-11-24T09:44:38.000Z,2025-06-18T10:01:41.000Z
6,CH Bikses,Pants Materials ,,Ķinas tautas republika,0,1550,5,2025-07-11T05:15:57.000Z,2025-06-18T10:01:41.000Z
7,CH Siets,Stretchy materials,,Ķinas tautas republika,0,1550,1,2025-07-11T05:16:15.000Z,2025-06-18T10:01:41.000Z
8,CH Dallas,IDR20241107-D,,Ķinas tautas republika,0,1550,9,2025-11-24T09:45:03.000Z,2025-06-18T10:01:41.000Z
9,CH FXR,IDR20241107-X   ,,Ķinas tautas republika,0,1550,4,2025-07-11T05:16:42.000Z,2025-06-18T10:01:41.000Z
10,CH F02,IDR20241107-F,,Ķinas tautas republika,0,1550,2,2025-11-24T09:45:44.000Z,2025-06-18T10:01:41.000Z
11,CH Regbijs,IDR20241107-RUG,,Ķinas tautas republika,0,1550,2,2025-07-11T05:17:06.000Z,2025-06-18T10:01:41.000Z
12,CH Legings,IDR20241107-LE,,Ķinas tautas republika,0,1550,1,2025-07-11T05:17:33.000Z,2025-06-18T10:01:41.000Z
13,CH Oderes,IDR20241107-001 ,,Ķinas tautas republika,0,1550,1,2025-07-11T05:17:40.000Z,2025-06-18T10:01:41.000Z
14,CH Rievotais,IDR20241108-002,,Ķinas tautas republika,0,1550,1,2025-07-11T06:41:16.000Z,2025-06-18T10:01:41.000Z
15,CH biezās bikses,IDR20241107-005,,Ķinas tautas republika,0,1550,2,2025-07-11T05:18:02.000Z,2025-06-18T10:01:41.000Z
16,CH *FOX,IDR20250530-010,,Ķinas tautas republika,0,1550,4,2025-07-11T05:18:33.000Z,2025-06-18T10:01:41.000Z
17,CH Alpsinestars,IDR20250530-003,,Ķinas tautas republika,0,1550,0,2025-07-07T10:31:08.000Z,2025-06-18T10:01:41.000Z
18,CH resnais siets *NBA,IDR20250530-014,,Ķinas tautas republika,0,1550,0,2025-07-07T10:31:23.000Z,2025-06-18T10:01:41.000Z
19,CH staipigais raksts,IDR20250530-017,,Ķinas tautas republika,0,1550,0,2025-07-07T10:31:27.000Z,2025-06-18T10:01:41.000Z
20,CH hudijs pukainais,IDR20250530-002,,Ķinas tautas republika,0,1550,3,2025-07-11T05:22:46.000Z,2025-06-18T10:01:41.000Z
21,CH vējjaka,IDR20250530-005,,Ķinas tautas republika,0,1550,0,2025-07-07T10:31:41.000Z,2025-06-18T10:01:41.000Z
22,CH softshell ar mīksto iekšu - nestaipīgs,IDR20250530-006,,Ķinas tautas republika,0,1550,0,2025-07-07T10:31:18.000Z,2025-06-18T10:01:41.000Z
23,Odere,Odere,,,0,1470,0,2025-06-20T09:30:05.000Z,2025-06-19T18:11:28.000Z
24,Legingi,Leginigi,,,0,1450,2,2025-07-11T05:19:42.000Z,2025-06-19T18:11:28.000Z
25,Morf,,,,0,1500,0,2025-07-11T05:19:57.000Z,2025-06-19T18:11:28.000Z
26,Hudijs ,3310,,,0,1280,0,2025-06-20T09:31:30.000Z,2025-06-19T18:11:28.000Z
27,F02,,,,0,1600,0,2025-06-20T09:31:49.000Z,2025-06-19T18:11:28.000Z
28,Vecās bikses,,,,0,1500,0,2025-06-20T09:32:02.000Z,2025-06-19T18:11:28.000Z
29,SoftShell,,,,0,1530,3,2025-07-11T05:21:47.000Z,2025-06-19T18:11:28.000Z
30,Dallas,Dallas,,Kolrex,0,1530,0,2025-11-24T09:44:53.000Z,2025-06-19T18:11:28.000Z
31,S039,,,,0,1630,9,2025-11-24T09:45:33.000Z,2025-06-19T18:11:28.000Z
32,2007 - Spīdīgais,2007,,Janmar,0,1540,9,2025-11-24T09:45:16.000Z,2025-06-19T18:11:28.000Z
33,Ultravent - Kvadrāts,Ultravent - Kolrex,,Kolrex,0,1600,4,2025-07-11T05:21:04.000Z,2025-06-19T18:11:28.000Z
34,FXR Siets,Ultravent - Kolrex,,Kolrex,0,1500,3,2025-07-11T05:20:55.000Z,2025-06-20T10:14:17.000Z
35,RAG3 Hokejs,raghok 3,,Kolrex,0,1500,10,2025-07-11T05:20:35.000Z,2025-07-07T08:01:20.000Z
36,Vējjaka,,,Eiropa,0,1420,0,2025-07-07T10:41:47.000Z,2025-07-07T10:41:47.000Z